#{"t_start": 1690533925.3250568, "env_id": "highway-v0"}
r,l,t
26.871926,40,10.517128
28.960815,40,20.857028
27.071921,40,31.433301
